ETF,Predicted_NextWeek_Up,Predicted_Return_RF
XLE,0.0,0.006882663885304941
XLK,1.0,0.005844702156068285
XLY,1.0,0.005222229814058173
XLU,0.0,0.001672707494764651
XLI,1.0,0.0015313625576001467
XLF,0.0,0.0015267569982205193
XLB,1.0,-0.01232762944623451
XLV,0.0,-0.016100483617120877
